ticket_number,issue_date,violation_location,license_plate_number,license_plate_state,license_plate_type,zipcode,violation_code,violation_description,unit,unit_description,vehicle_make,fine_level1_amount,fine_level2_amount,current_amount_due,total_payments,ticket_queue,ticket_queue_date,notice_level,notice_number,hearing_disposition,officer,year,month,hour
7000004200,2003-11-01 01:04:00,5500 S WESTERN AVE S,baacc1b1e28a0a42d741c065f4009e82b7931828fd21b1c093726fa57412a165,IL,PAS,60629,9102020,RED LIGHT VIOLATION,RDFX,Red Light,OTHR,90,180,0,90,Paid,2003-12-01 00:00:00,VIOL,5046678160,"",RDFX,2003,11,1
7000004142,2003-11-01 01:35:00,2400 W 55TH STREET E,3b5f9acfdc2f2908b75f42ea2c9d0c78e0f8606b0799d1911697e0deb1665305,IL,TMP,60632,9102020,RED LIGHT VIOLATION,RDFX,Red Light,OTHR,90,180,-10,190,Paid,2008-05-15 00:00:00,FINL,5046550880,"",RDFX,2003,11,1
7000004143,2003-11-01 02:41:00,2400 W 55TH STREET E,73dec2b6854e1a2de971df1f92c4e641b01528f99130e8381d5d6cc60faae9eb,IL,PAS,62901,9102020,RED LIGHT VIOLATION,RDFX,Red Light,OTHR,90,180,0,180,Paid,2010-02-19 00:00:00,SEIZ,5108042770,"",RDFX,2003,11,2
7000004144,2003-11-01 05:04:00,2400 W 55TH STREET E,cbd8e5eaac65d747d833d92c439576c1a1123ec4525cd1b467fe7c94447dbed2,IL,PAS,60638,9102020,RED LIGHT VIOLATION,RDFX,Red Light,OTHR,90,180,0,90,Paid,2003-12-15 00:00:00,DETR,5046447510,"",RDFX,2003,11,5
7000004145,2003-11-01 06:40:00,2400 W 55TH STREET E,9618dfdbe0719d6794fe492d7b7c3f830e6df0a1b9847fa5dd5eae1d53c15e3a,IL,PAS,60632,9102020,RED LIGHT VIOLATION,RDFX,Red Light,OTHR,90,180,0,90,Paid,2003-12-16 00:00:00,DETR,5046550890,"",RDFX,2003,11,6
7000004146,2003-11-01 07:08:00,2400 W 55TH STREET E,3be9c8db2347f16a9912cc2c94cba3f8d3439122fbe5c25a800292e41bdad7cd,IL,PAS,60609,9102020,RED LIGHT VIOLATION,RDFX,Red Light,OTHR,90,180,0,90,Paid,2003-11-21 00:00:00,VIOL,5046550900,"",RDFX,2003,11,7
7000004449,2003-11-01 07:13:00,2400 W 55TH STREET E,114293c638b8219dc89d4b4267204402742d51e2895afcc35f1556e3611545f6,IL,PAS,60453,9102020,RED LIGHT VIOLATION,RDFX,Red Light,OTHR,90,180,0,219.6,Paid,2014-12-12 00:00:00,FINL,5046731260,"",RDFX,2003,11,7
7000004147,2003-11-01 07:23:00,2400 W 55TH STREET E,e4c6591c1c2046a330224c7e8f61b3f99ef3a57852e8cc03cc6dafda1e54c035,IL,PAS,60629,9102020,RED LIGHT VIOLATION,RDFX,Red Light,OTHR,90,180,0,180,Paid,2005-04-30 00:00:00,FINL,5046641350,"",RDFX,2003,11,7
7000004450,2003-11-01 08:07:00,5500 S WESTERN AVE S,981d160e9698410fc6ec045cf5715917cbe83166cea4af52119e35436d6338aa,IL,PAS,60181,9102020,RED LIGHT VIOLATION,RDFX,Red Light,OTHR,90,180,0,90,Paid,2003-12-08 00:00:00,VIOL,5046731270,"",RDFX,2003,11,8
7000004451,2003-11-01 10:04:00,2400 W 55TH STREET E,e9951df72582f747a898854f68b382835e1d264f512a1c36bc59d1ae6ba214a5,IL,PAS,60424,9102020,RED LIGHT VIOLATION,RDFX,Red Light,OTHR,90,180,180,0,Notice,2015-09-04 00:00:00,SEIZ,5046731280,"",RDFX,2003,11,10
7000004452,2003-11-01 10:08:00,2400 W 55TH STREET E,7cb45dbb9dbfef748539c0a64e9b8732321a9be00f74cb52a81762b836df6d44,IL,PAS,60629,9102020,RED LIGHT VIOLATION,RDFX,Red Light,OTHR,90,180,0,90,Paid,2003-12-10 00:00:00,VIOL,5046827190,"",RDFX,2003,11,10
7000004453,2003-11-01 10:20:00,5500 S WESTERN AVE S,8b96b06808fe98eb265af77d745c654cdadf0febd395fb55cd165debd78ad328,IL,PAS,60623,9102020,RED LIGHT VIOLATION,RDFX,Red Light,OTHR,90,180,0,90,Paid,2003-12-18 00:00:00,DETR,5046731290,"",RDFX,2003,11,10
7000004454,2003-11-01 10:29:00,5500 S WESTERN AVE S,6c9cd8c7855ec925cbaaa944faf12ffa5e4a4961dc269d62e69239452a26c434,IL,PAS,60609,9102020,RED LIGHT VIOLATION,RDFX,Red Light,OTHR,90,180,0,90,Paid,2003-12-15 00:00:00,DETR,5046827200,"",RDFX,2003,11,10
7000004455,2003-11-01 10:52:00,5500 S WESTERN AVE S,7a3bd06fc3619db38035bd00abd5e9e2d3e94a6e9355468323147a37363fbbff,IL,PAS,60617,9102020,RED LIGHT VIOLATION,RDFX,Red Light,OTHR,90,180,0,135,Paid,2009-02-14 00:00:00,FINL,5046731300,"",RDFX,2003,11,10
7000004456,2003-11-01 11:23:00,2400 W 55TH STREET E,7cbdf4f93f8cd7dd66e69e75fa178810ce11265157123fe87b7721bea98e851e,IL,PAS,30067,9102020,RED LIGHT VIOLATION,RDFX,Red Light,OTHR,90,180,0,90,Paid,2004-03-02 00:00:00,FINL,5047871590,"",RDFX,2003,11,11
7000004148,2003-11-01 11:34:00,5500 S WESTERN AVE S,500f5e157a52339d8cfcd82e6015f92ae5a0dd138fa0d1b2a59c928dca3f9c93,IL,PAS,60629,9102020,RED LIGHT VIOLATION,RDFX,Red Light,OTHR,90,180,0,90,Paid,2003-12-09 00:00:00,DETR,5046641360,"",RDFX,2003,11,11
7000004457,2003-11-01 11:45:00,2400 W 55TH STREET E,ea27ea90d254b1a9ec3de35c2b2f6d9ce3b00f8ed404ce661693c539f9dd3ba6,IL,PAS,60629,9102020,RED LIGHT VIOLATION,RDFX,Red Light,OTHR,90,180,0,90,Paid,2003-12-03 00:00:00,VIOL,5023232380,"",RDFX,2003,11,11
7000004458,2003-11-01 12:07:00,5500 S WESTERN AVE S,d7475f097675c6d38d8a27b9fec5b1e0705ca135be503c678d721224e4c3936d,IL,PAS,60638,9102020,RED LIGHT VIOLATION,RDFX,Red Light,OTHR,90,180,0,100,Paid,2015-11-15 00:00:00,SEIZ,5046731310,"",RDFX,2003,11,24
7000004459,2003-11-01 12:26:00,5500 S WESTERN AVE S,a8048f8bb5f6e2ed9371affd1a749c0627014c2d758841a9f6f98a1155891644,IL,PAS,60652,9102020,RED LIGHT VIOLATION,RDFX,Red Light,OTHR,90,180,0,90,Paid,2003-12-08 00:00:00,VIOL,5046731320,"",RDFX,2003,11,24
7000004149,2003-11-01 12:46:00,2400 W 55TH STREET E,42ef2e658f0fbebb42069746ec31653498154ca6f718fb8433deb7abae209553,IL,PAS,60477,9102020,RED LIGHT VIOLATION,RDFX,Red Light,OTHR,90,180,0,90,Paid,2003-12-02 00:00:00,VIOL,5046572250,"",RDFX,2003,11,24
7000004150,2003-11-01 12:46:00,5500 S WESTERN AVE S,16db2aa7c152c93665f0766ed2c01a9242a8d5840030c39e847ee1a2309e9ee4,IL,PAS,60527,9102020,RED LIGHT VIOLATION,RDFX,Red Light,OTHR,90,180,0,90,Paid,2003-11-26 00:00:00,VIOL,5046572260,"",RDFX,2003,11,24
7000004151,2003-11-01 13:20:00,2400 W 55TH STREET E,cf38203ea4b881a9ec20a7fab1b586edad57d71e1646e3643d72469a7085d1e3,IL,PAS,60505,9102020,RED LIGHT VIOLATION,RDFX,Red Light,OTHR,90,180,0,90,Paid,2003-12-12 00:00:00,DETR,5046572270,"",RDFX,2003,11,13
7000004152,2003-11-01 13:21:00,2400 W 55TH STREET E,c6060f6f82e4d0a17c7412981dce58aa45f640ce87e2ff68a6296bad1d316bab,IL,PAS,60629,9102020,RED LIGHT VIOLATION,RDFX,Red Light,OTHR,90,180,0,90,Paid,2003-12-04 00:00:00,VIOL,5046641370,"",RDFX,2003,11,13
7000004460,2003-11-01 13:34:00,5500 S WESTERN AVE S,39b385208a40794fa145dbc73603b5ab4fc7fdfd07479d131feba018a7be8c8e,IL,PAS,60629,9102020,RED LIGHT VIOLATION,RDFX,Red Light,OTHR,90,180,0,90,Paid,2003-12-19 00:00:00,DETR,5046827220,"",RDFX,2003,11,13
7000004461,2003-11-01 13:44:00,5500 S WESTERN AVE S,1cb19da9cfcbdb2b44f9650bdeee8922ccd0543a159ffa2e344e5288090bd305,IL,PAS,60632,9102020,RED LIGHT VIOLATION,RDFX,Red Light,OTHR,90,180,0,90,Paid,2003-11-29 00:00:00,VIOL,5046827230,"",RDFX,2003,11,13
7000004399,2003-11-01 13:59:00,5500 S WESTERN AVE S,0d7fb65c882dc79da0f90bd250b9a9b99704be2d37a2206d5beb22f82e17bc2c,WI,PAS,53215,9102020,RED LIGHT VIOLATION,RDFX,Red Light,OTHR,90,180,219.6,0,Notice,2004-09-24 00:00:00,FINL,5055734310,"",RDFX,2003,11,13
7000004153,2003-11-01 13:59:00,2400 W 55TH STREET E,ca71930842125b9277299c3827dda645f0bc23aa9bbf9b55e8ccdccb1a0707f9,IL,PAS,60609,9102020,RED LIGHT VIOLATION,RDFX,Red Light,OTHR,90,180,0,90,Paid,2004-02-06 00:00:00,DETR,5046572280,Liable,RDFX,2003,11,13
7000004154,2003-11-01 15:33:00,5500 S WESTERN AVE S,8c9f09c286cfc2df965bc56edb6e17d31b82edb333882776abe820b99c71f302,IL,TMP,60653,9102020,RED LIGHT VIOLATION,RDFX,Red Light,OTHR,90,180,0,90,Paid,2003-12-12 00:00:00,DETR,5046641380,"",RDFX,2003,11,15
7000004462,2003-11-01 15:41:00,5500 S WESTERN AVE S,82bea1c52afd7d7294449218cb1b98d7d46607de49fcbaa3f1906dbc21d508ca,IL,PAS,60435,9102020,RED LIGHT VIOLATION,RDFX,Red Light,OTHR,90,180,0,180,Paid,2004-02-10 00:00:00,FINL,5044408390,"",RDFX,2003,11,15
7000004666,2003-11-01 15:56:00,2400 W 55TH STREET E,d3a668f7d4aae33957adca219532bb68c52db71ba87c9b020e249c3fb0038347,IL,TMP,60629,9102020,RED LIGHT VIOLATION,RDFX,Red Light,OTHR,90,180,219.6,0,Notice,2003-11-19 00:00:00,SEIZ,5017314340,"",RDFX,2003,11,15
7000004155,2003-11-01 16:20:00,2400 W 55TH STREET E,27406b0ff7372cf824cfcf0c27638e471f3841859cf745c997fdb3e7e60de0ad,IL,PAS,60534,9102020,RED LIGHT VIOLATION,RDFX,Red Light,OTHR,90,180,0,90,Paid,2003-11-29 00:00:00,VIOL,5046581520,"",RDFX,2003,11,16
7000004201,2003-11-01 16:41:00,2400 W 55TH STREET E,31cf359f1fafdf4955e96989a6b87cf81a799c2ecad2cc49957221d1aa1965b6,IL,MUN,60654,9102020,RED LIGHT VIOLATION,RDFX,Red Light,OTHR,90,180,0,180,Paid,2004-01-29 00:00:00,FINL,5046678170,"",RDFX,2003,11,16
7000004463,2003-11-01 16:44:00,2400 W 55TH STREET E,22b122819d959e65f1b3a171009e606399d92e35f584cee5bd3465846e7e1d58,IL,PAS,60621,9102020,RED LIGHT VIOLATION,RDFX,Red Light,OTHR,90,180,0,280,Paid,2005-07-20 00:00:00,SEIZ,5014221550,"",RDFX,2003,11,16
7000004156,2003-11-01 17:17:00,5500 S WESTERN AVE S,16d109974a78e12aafa1d16758c5971711f6991b35d71a88769752f08c10bce5,IL,PAS,60632,9102020,RED LIGHT VIOLATION,RDFX,Red Light,OTHR,90,180,0,90,Paid,2003-11-26 00:00:00,VIOL,5046656850,"",RDFX,2003,11,17
7000004264,2003-11-01 17:28:00,2400 W 55TH STREET E,c45e7f91734d34197b942a9e4043c44519a73669984f2a962a8c5ecffb12dc61,IL,TMP,62260,9102020,RED LIGHT VIOLATION,RDFX,Red Light,OTHR,90,180,0,0,Dismissed,2004-02-18 00:00:00,VIOL,5046693790,Not Liable,RDFX,2003,11,17
7000004464,2003-11-01 18:02:00,5500 S WESTERN AVE S,e2ffc5dc167a776f8b4ab7d5b22ea950057cfe5d19da7ece778b0af4ef656c3b,IL,PAS,60620,9102020,RED LIGHT VIOLATION,RDFX,Red Light,OTHR,90,180,0,90,Paid,2004-04-11 00:00:00,DETR,5020079130,Liable,RDFX,2003,11,18
7000004157,2003-11-01 18:05:00,5500 S WESTERN AVE S,154d3a326543ad36724b5f601277918a3758fb3cde893e342dc6229a51fab267,IL,PAS,60652,9102020,RED LIGHT VIOLATION,RDFX,Red Light,OTHR,90,180,219.6,0,Notice,2004-05-20 00:00:00,FINL,5046656860,Liable,RDFX,2003,11,18
7000004158,2003-11-01 18:26:00,2400 W 55TH STREET E,ec2fbe811fe56f1c601b0f4b4ce0db16e0b0f70a9de61ba73d93b6f07a63a5f9,IL,TMP,60445,9102020,RED LIGHT VIOLATION,RDFX,Red Light,OTHR,90,180,0,90,Paid,2004-01-07 00:00:00,FINL,5046656870,"",RDFX,2003,11,18
7000004400,2003-11-01 19:17:00,2400 W 55TH STREET E,28cd14ed8a53cfb9a55305986dfc60f0eafb2117017158bdb724a2d1bcb8f47e,IN,PAS,46368,9102020,RED LIGHT VIOLATION,RDFX,Red Light,OTHR,90,180,0,90,Paid,2004-10-29 00:00:00,VIOL,5056205030,"",RDFX,2003,11,19
7000004159,2003-11-01 20:08:00,2400 W 55TH STREET E,06cd57c67f0192c6d2f41aa6b2eb82c59966469e98ec49b790048692ec56041d,IL,PAS,60636,9102020,RED LIGHT VIOLATION,RDFX,Red Light,OTHR,90,180,0,180,Paid,2007-08-06 00:00:00,SEIZ,5045492750,"",RDFX,2003,11,20
7000004402,2003-11-01 20:44:00,2400 W 55TH STREET E,ed88550e96dcf5896b652db4c70f317a10b7bfa7a334d8febd027011e3c8c77e,IN,PAS,46405,9102020,RED LIGHT VIOLATION,RDFX,Red Light,OTHR,90,180,0,219.6,Paid,2012-12-14 00:00:00,SEIZ,5143869200,"",RDFX,2003,11,20
7000004160,2003-11-01 20:45:00,5500 S WESTERN AVE S,80798d934ca9537244658d63f7d3226841282b060140e1952065f2c14dbac0df,IL,PAS,60633,9102020,RED LIGHT VIOLATION,RDFX,Red Light,OTHR,90,180,0,180,Paid,2004-02-14 00:00:00,FINL,5046587540,"",RDFX,2003,11,20
7000004161,2003-11-01 20:47:00,5500 S WESTERN AVE S,a66129d9cd6dfa4976bfbf11a83aa811a1f244a69a6633c6dadd5152fd54158f,IL,PAS,60652,9102020,RED LIGHT VIOLATION,RDFX,Red Light,OTHR,90,180,0,90,Paid,2003-11-26 00:00:00,VIOL,5046587550,"",RDFX,2003,11,20
7000004403,2003-11-01 20:53:00,2400 W 55TH STREET E,4a9e386719ca36f43d3aae2495c9b1255f71d92b00e89610dd37a80e64822da0,IL,RVM,60153,9102020,RED LIGHT VIOLATION,RDFX,Red Light,OTHR,90,180,0,0,Dismissed,2014-11-16 00:00:00,FINL,5046731150,"",RDFX,2003,11,20
7000004162,2003-11-01 21:46:00,2400 W 55TH STREET E,9563136103217be9c6f10ef1d47b4f993bcf327ac2a2b230c9f1a20f589dceda,IL,PAS,60609,9102020,RED LIGHT VIOLATION,RDFX,Red Light,OTHR,90,180,0,90,Paid,2003-12-22 00:00:00,DETR,5046587560,"",RDFX,2003,11,21
7000004163,2003-11-01 21:55:00,5500 S WESTERN AVE S,e2d0b3bacfca502f010835d2adb60ffeacb6c22b7b52d9acc6c84ec858c1f2c0,IL,PAS,60623,9102020,RED LIGHT VIOLATION,RDFX,Red Light,OTHR,90,180,180,0,Notice,2016-01-28 00:00:00,SEIZ,5046656880,"",RDFX,2003,11,21
7000004164,2003-11-02 03:08:00,2400 W 55TH STREET E,55bdf150d04ca5f42576de792e0b8c9910fe5c9e0be79b85cc674fa18007f876,IL,PAS,60608,9102020,RED LIGHT VIOLATION,RDFX,Red Light,OTHR,90,180,0,90,Paid,2003-11-25 00:00:00,VIOL,5046656890,"",RDFX,2003,11,3
7000004165,2003-11-02 04:12:00,2400 W 55TH STREET E,554d8a437b43116dfde997ca36b55ee0b3f678fd78164a3e4eceea88a40dfb22,IL,PAS,60652,9102020,RED LIGHT VIOLATION,RDFX,Red Light,OTHR,90,180,0,180,Paid,2004-01-12 00:00:00,FINL,5021572160,"",RDFX,2003,11,4
7000004166,2003-11-02 05:48:00,5500 S WESTERN AVE S,2d83c5aacfc4a51317548b6d598badf865a99bbadb7a8f5d0a9fd16cef56e705,IL,PAS,60153,9102020,RED LIGHT VIOLATION,RDFX,Red Light,OTHR,90,180,0,90,Paid,2003-12-01 00:00:00,VIOL,5046447110,"",RDFX,2003,11,5
7000004167,2003-11-02 08:09:00,2400 W 55TH STREET E,a50edd782601dab4bb7d4f75df776cc50634339876f80c223fee68350e1ad077,IL,PAS,60652,9102020,RED LIGHT VIOLATION,RDFX,Red Light,OTHR,90,180,0,90,Paid,2003-11-25 00:00:00,VIOL,5046656900,"",RDFX,2003,11,8
7000004168,2003-11-02 09:12:00,2400 W 55TH STREET E,bdde95d37eecf04342133f0d09039d8c4c2ac191e4bc59601079c0c25ea6eb20,IL,PAS,60629,9102020,RED LIGHT VIOLATION,RDFX,Red Light,OTHR,90,180,0,90,Paid,2003-11-26 00:00:00,VIOL,5046656910,"",RDFX,2003,11,9
7000004465,2003-11-02 09:38:00,2400 W 55TH STREET E,80a17459d6e6a56f2eae04c1cef677ad8cc7dc71619f7823320331ea6b1e0e0a,IL,TXI,60616,9102020,RED LIGHT VIOLATION,RDFX,Red Light,OTHR,90,180,0,90,Paid,2003-12-09 00:00:00,VIOL,5046827240,"",RDFX,2003,11,9
7000004169,2003-11-02 10:03:00,5500 S WESTERN AVE S,a722ec4d3465e43a5daf4cf855ae9f01062ce49a9271515e74cb86f60f982c2a,IL,PAS,60644,9102020,RED LIGHT VIOLATION,RDFX,Red Light,OTHR,90,180,0,90,Paid,2004-01-07 00:00:00,FINL,5046587570,"",RDFX,2003,11,10
7000004170,2003-11-02 10:58:00,5500 S WESTERN AVE S,71304215f5c4b670cbecca58553a050fdda93f27e289e4263c5214ff6bd838e4,IL,PAS,60649,9102020,RED LIGHT VIOLATION,RDFX,Red Light,OTHR,90,180,219.6,0,Notice,2003-11-12 00:00:00,SEIZ,5046656920,"",RDFX,2003,11,10
7000004171,2003-11-02 11:09:00,5500 S WESTERN AVE S,7a13954741f5dd6fc8c3e321ff652fd8a60b3c98c8f51a6a5d09fe17aff820a6,IL,PAS,60647,9102020,RED LIGHT VIOLATION,RDFX,Red Light,OTHR,90,180,0,180,Paid,2008-05-02 00:00:00,FINL,5053172730,"",RDFX,2003,11,11
7000004667,2003-11-02 12:15:00,2400 W 55TH STREET E,d9d3320540175d6a3a5a8386397474955fcf1504a03ff6454e53bcc5ecd1dab2,IL,PAS,60615,9102020,RED LIGHT VIOLATION,RDFX,Red Light,OTHR,90,180,0,180,Paid,2005-04-29 00:00:00,SEIZ,5012882230,"",RDFX,2003,11,24
7000004172,2003-11-02 12:32:00,5500 S WESTERN AVE S,17d0c7a283807ec5afa6be3f75e672bd5b4ae94d6e5737b7b2526c639f89b471,IL,PAS,60501,9102020,RED LIGHT VIOLATION,RDFX,Red Light,OTHR,90,180,0,90,Paid,2003-12-03 00:00:00,VIOL,5046656930,"",RDFX,2003,11,24
7000004173,2003-11-02 12:43:00,2400 W 55TH STREET E,7b4088ff40867f537a3a762f169280c60045434cea9eaf453e2e2ba80f319652,VA,PAS,23464,9102020,RED LIGHT VIOLATION,RDFX,Red Light,OTHR,90,180,0,90,Paid,2004-10-26 00:00:00,VIOL,5056204330,"",RDFX,2003,11,24
7000004668,2003-11-02 12:49:00,2400 W 55TH STREET E,55a3d89c933c674aa9392b053ab57b32c030ac63389dbda18c8ed27bd4ac3b7f,IL,TMP,60629,9102020,RED LIGHT VIOLATION,RDFX,Red Light,OTHR,90,180,0,90,Paid,2003-12-18 00:00:00,DETR,5046843650,"",RDFX,2003,11,24
7000004174,2003-11-02 13:08:00,2400 W 55TH STREET E,38e801601881b5915a21ce8893f1921d34f4966c9d5f8c61c27d659233cbaec4,IL,PAS,60660,9102020,RED LIGHT VIOLATION,RDFX,Red Light,OTHR,90,180,0,90,Paid,2003-12-04 00:00:00,VIOL,5046587580,"",RDFX,2003,11,13
7000004175,2003-11-02 14:10:00,2400 W 55TH STREET E,a07d114f40a312ddaddbe3f8d2efcf906f817d8a59e96fb1e1caaed3c94ce832,IL,PAS,60638,9102020,RED LIGHT VIOLATION,RDFX,Red Light,OTHR,90,180,0,180,Paid,2004-02-06 00:00:00,FINL,5042176610,"",RDFX,2003,11,14
7000004177,2003-11-02 14:26:00,5500 S WESTERN AVE S,a9c6312877dccaa19a79e290fcd9316eed9238c30bf57a47e94814d0970e04d7,IL,PAS,60804,9102020,RED LIGHT VIOLATION,RDFX,Red Light,OTHR,90,180,128.1,75,Notice,2004-02-13 00:00:00,FINL,5022191530,"",RDFX,2003,11,14
7000004178,2003-11-02 14:55:00,2400 W 55TH STREET E,f15c5876ed8052576c30a722202dca7350b5fafda931c9d23cab6595ef47cd92,IL,PAS,60629,9102020,RED LIGHT VIOLATION,RDFX,Red Light,OTHR,90,180,0,180,Paid,2004-02-23 00:00:00,FINL,5019956380,"",RDFX,2003,11,14
7000004179,2003-11-02 15:06:00,5500 S WESTERN AVE S,cafb43a2b11af6a8373a00c6b34b86ebc3b09a6d6556aa7431fb507ab638bb2a,IL,PAS,60632,9102020,RED LIGHT VIOLATION,RDFX,Red Light,OTHR,90,180,0,90,Paid,2003-11-26 00:00:00,VIOL,5046587590,"",RDFX,2003,11,15
7000004180,2003-11-02 15:17:00,5500 S WESTERN AVE S,f920b55272bcb6445ac183076cccbafcf643362d2164202dce761735be4b12da,IL,PAS,60609,9102020,RED LIGHT VIOLATION,RDFX,Red Light,OTHR,90,180,0,180,Paid,2004-03-18 00:00:00,SEIZ,5019807170,"",RDFX,2003,11,15
7000004669,2003-11-02 15:28:00,2400 W 55TH STREET E,2018ce5ced6407f99d1fe6d7b1c0552eda781824af8e7ed3d881661eb3af09c5,IL,PAS,60419,9102020,RED LIGHT VIOLATION,RDFX,Red Light,OTHR,90,180,0,90,Paid,2004-01-07 00:00:00,DETR,5018072370,"",RDFX,2003,11,15
7000004181,2003-11-02 15:44:00,5500 S WESTERN AVE S,d5866c031fc11ff47df2a1a633507dfd8665922b8962bb7ef9c5bd285beede28,IL,PAS,60429,9102020,RED LIGHT VIOLATION,RDFX,Red Light,OTHR,90,180,0,180,Paid,2005-10-21 00:00:00,FINL,5046656940,"",RDFX,2003,11,15
7000004467,2003-11-02 15:46:00,5500 S WESTERN AVE S,425fb55e6cf7817cbd299c171eaef1ce5706c895aafc621ba390e0e38170c2cc,IL,PAS,60629,9102020,RED LIGHT VIOLATION,RDFX,Red Light,OTHR,90,180,0,90,Paid,2003-12-15 00:00:00,DETR,5042732480,"",RDFX,2003,11,15
7000004468,2003-11-02 15:47:00,5500 S WESTERN AVE S,bf856f397deedaf0e63211247918afa40452004abd909c1fb29d41c98ed49b51,IL,PAS,60415,9102020,RED LIGHT VIOLATION,RDFX,Red Light,OTHR,90,180,0,90,Paid,2003-12-22 00:00:00,DETR,5046731330,"",RDFX,2003,11,15
7000004670,2003-11-02 16:06:00,2400 W 55TH STREET E,875aa36e89c2367bd23ef0c79d16cc7c113236caf8e0a03d235fce131fe0d1c4,TX,PAS,76706,9102020,RED LIGHT VIOLATION,RDFX,Red Light,OTHR,90,180,0,180,Paid,2005-06-24 00:00:00,SEIZ,5054530660,"",RDFX,2003,11,16
7000004671,2003-11-02 16:15:00,5500 S WESTERN AVE S,a3a7aa1a31482caafe2c395c1ff1188f86f92b4abe88d954f392960d15f26b51,IL,PAS,60629,9102020,RED LIGHT VIOLATION,RDFX,Red Light,OTHR,90,180,0,180,Paid,2004-08-17 00:00:00,SEIZ,5046748460,"",RDFX,2003,11,16
7000004182,2003-11-02 16:56:00,5500 S WESTERN AVE S,17db70d85c8020e2bb6006f0d920bbd742cd631b3bc65e078f9430036730db87,IL,PAS,60609,9102020,RED LIGHT VIOLATION,RDFX,Red Light,OTHR,90,180,0,90,Paid,2003-11-22 00:00:00,VIOL,5046587600,"",RDFX,2003,11,16
7000004183,2003-11-02 16:58:00,5500 S WESTERN AVE S,cfab57164e58174ad47d7309f9344b756d3b0da017d3f6a78f940095e85cb1ea,IL,ENV,60411,9102020,RED LIGHT VIOLATION,RDFX,Red Light,OTHR,90,180,0,90,Paid,2003-12-02 00:00:00,VIOL,5046656950,"",RDFX,2003,11,16
7000004469,2003-11-02 18:36:00,2400 W 55TH STREET E,ff6142fbcabc8007d40134f6cb306abbf955784afc9220232e5c4bbf0b854d6a,IL,PAS,606362308,9102020,RED LIGHT VIOLATION,RDFX,Red Light,OTHR,90,180,0,90,Paid,2003-12-09 00:00:00,VIOL,5046731340,"",RDFX,2003,11,18
7000004185,2003-11-02 20:23:00,2400 W 55TH STREET E,188602f6fe27b73630ea7bc0c27567799c24a943360479cc0ed555361b5e8386,IL,PAS,60609,9102020,RED LIGHT VIOLATION,RDFX,Red Light,OTHR,90,180,180,0,Notice,2012-12-18 00:00:00,SEIZ,5045531530,"",RDFX,2003,11,20
7000004360,2003-11-02 22:09:00,2400 W 55TH STREET E,c226ef9dec23993a7ea56dffdf027e212a7329ffecf39699585d4a6c3e8fa6e5,IL,PAS,60619,9102020,RED LIGHT VIOLATION,RDFX,Red Light,OTHR,90,180,0,90,Paid,2003-12-16 00:00:00,DETR,5020210760,"",RDFX,2003,11,22
7000004186,2003-11-02 22:14:00,2400 W 55TH STREET E,514c8c53dc8206044004aeab63c9cb18fcca2142e005be0e08ff39f70f9a9587,IL,PAS,60629,9102020,RED LIGHT VIOLATION,RDFX,Red Light,OTHR,90,180,0,90,Paid,2003-12-04 00:00:00,VIOL,5015810360,"",RDFX,2003,11,22
7000004187,2003-11-03 00:12:00,5500 S WESTERN AVE S,66d2b2902a8dbff509b017fd1927cde9a59150bf25a45df96d875e5ca2e7cfc4,IL,PAS,60629,9102020,RED LIGHT VIOLATION,RDFX,Red Light,OTHR,90,180,219.6,0,Notice,2003-11-12 00:00:00,FINL,5046656960,"",RDFX,2003,11,0
7000004188,2003-11-03 01:24:00,5500 S WESTERN AVE S,1a58a842a2de5509589086edb9d568ded3f21f55cead27bdb59a78b7381eab04,IL,PAS,60629,9102020,RED LIGHT VIOLATION,RDFX,Red Light,OTHR,90,180,0,90,Paid,2003-12-01 00:00:00,VIOL,5046656970,"",RDFX,2003,11,1
7000004197,2003-11-03 01:28:00,5500 S WESTERN AVE S,98337e6df72c4d50b74a1b3c08c5a0a564ee6bddc547dfa6822368b70d5c211b,IL,PAS,60608,9102020,RED LIGHT VIOLATION,RDFX,Red Light,OTHR,90,180,0,180,Paid,2004-04-21 00:00:00,SEIZ,5044440740,"",RDFX,2003,11,1
7000004189,2003-11-03 01:51:00,5500 S WESTERN AVE S,fac22a3d462c5013bb64e2de64c67a09aaf2fa4c0c51b32c830d9a748084e845,IL,PAS,60629,9102020,RED LIGHT VIOLATION,RDFX,Red Light,OTHR,90,180,0,90,Paid,2003-12-02 00:00:00,VIOL,5046656980,"",RDFX,2003,11,1
7000004190,2003-11-03 02:28:00,5500 S WESTERN AVE S,bcbd6e8b1b9c01b4213707775365d72c9392956596f0d092c6495e3af1cf6fb2,IL,DOM,60629,9102020,RED LIGHT VIOLATION,RDFX,Red Light,OTHR,90,180,0,90,Paid,2003-12-08 00:00:00,DETR,5046656990,"",RDFX,2003,11,2
7000004470,2003-11-03 04:08:00,5500 S WESTERN AVE S,f097309c90a5618c8e94c2be2226164e9295e082b9dc99c79f1c97b070df12f0,IL,PAS,60622,9102020,RED LIGHT VIOLATION,RDFX,Red Light,OTHR,90,180,0,180,Paid,2005-08-05 00:00:00,SEIZ,5021630390,"",RDFX,2003,11,4
7000004191,2003-11-03 06:20:00,5500 S WESTERN AVE S,70c5e6f775af7038de66350664a5823407b7b90d5af7d6d1b783a44836ba55ec,IL,PAS,60629,9102020,RED LIGHT VIOLATION,RDFX,Red Light,OTHR,90,180,0,90,Paid,2003-11-26 00:00:00,VIOL,5046657000,"",RDFX,2003,11,6
7000004192,2003-11-03 06:32:00,5500 S WESTERN AVE S,22d6ffc5ce329d7aeecba59fc216c2dc155c4fe4aa755999387a7db651647c96,IL,PAS,60643,9102020,RED LIGHT VIOLATION,RDFX,Red Light,OTHR,90,180,0,180,Paid,2004-01-30 00:00:00,SEIZ,5015622100,"",RDFX,2003,11,6
7000004471,2003-11-03 06:36:00,2400 W 55TH STREET E,09c9535730705fa75ef99fb72202d8c286f00bcf3bcf826985f8099565d20152,IL,PAS,60632,9102020,RED LIGHT VIOLATION,RDFX,Red Light,OTHR,90,180,0,90,Paid,2003-12-12 00:00:00,VIOL,5046827250,"",RDFX,2003,11,6
7000004472,2003-11-03 06:52:00,5500 S WESTERN AVE S,b56f8847c549051841aca20c8bb4d25c0cd00e0d18ce11ec1ab80d57d8648ecc,IL,PAS,60458,9102020,RED LIGHT VIOLATION,RDFX,Red Light,OTHR,90,180,0,90,Paid,2003-12-09 00:00:00,VIOL,5046731350,"",RDFX,2003,11,6
7000004473,2003-11-03 06:53:00,2400 W 55TH STREET E,e6ac437194c1b839a03dc68c4d69ee87019b0872bb5ce7846d82f95b25b2bab8,IL,PAS,60631,9102020,RED LIGHT VIOLATION,RDFX,Red Light,OTHR,90,180,219.6,0,Notice,2003-11-19 00:00:00,SEIZ,5046827260,"",RDFX,2003,11,6
7000004193,2003-11-03 06:57:00,2400 W 55TH STREET E,e8cdf53252581a3dd3769346363c688f2be1e49e38247fa98e21790e5e2613f6,IL,PAS,60804,9102020,RED LIGHT VIOLATION,RDFX,Red Light,OTHR,90,180,219.6,0,Notice,2003-11-12 00:00:00,SEIZ,5040773090,"",RDFX,2003,11,6
7000004474,2003-11-03 07:18:00,5500 S WESTERN AVE S,8f102ded14ec74652c8a83b12aeedfa22fcd7af075df770b8773cbc0c0518551,IL,PAS,60419,9102020,RED LIGHT VIOLATION,RDFX,Red Light,OTHR,90,180,0,90,Paid,2003-12-29 00:00:00,DETR,5046731360,"",RDFX,2003,11,7
7000004475,2003-11-03 07:40:00,5500 S WESTERN AVE S,b3bcfad659f351f9834d5a04ec6dc8663c2ff8d130ac43b230ad58ae45ffdeb9,IL,PAS,60624,9102020,RED LIGHT VIOLATION,RDFX,Red Light,OTHR,90,180,0,180,Paid,2004-02-26 00:00:00,FINL,5016114830,"",RDFX,2003,11,7
7000004476,2003-11-03 08:09:00,5500 S WESTERN AVE S,8974dab9c0e1b1fc3e970fbb649e4eb80374699494e11ef4c6e2b86ed6e5233c,IL,PAS,60459,9102020,RED LIGHT VIOLATION,RDFX,Red Light,OTHR,90,180,0,180,Paid,2004-11-03 00:00:00,FINL,5046731370,"",RDFX,2003,11,8
7000006247,2003-11-03 08:26:00,2400 W 55TH STREET E,f91bb901866183ba397ecf1245a1e10eda6b67d753feac5c0c170afcd19b7c1d,IL,ENV,604488962,9102020,RED LIGHT VIOLATION,RDFX,Red Light,OTHR,90,180,0,180,Paid,2008-06-09 00:00:00,FINL,5052877140,"",RDFX,2003,11,8
7000004194,2003-11-03 08:39:00,2400 W 55TH STREET E,b0e5f12b4eec46972996385c446dfc1c607b8418b9ee4461ed92d83b2ae61749,IL,PAS,60453,9102020,RED LIGHT VIOLATION,RDFX,Red Light,OTHR,90,180,0,180,Paid,2005-08-08 00:00:00,SEIZ,5016139420,"",RDFX,2003,11,8
7000004195,2003-11-03 08:53:00,2400 W 55TH STREET E,e5ee3cdc7e952ff5e8170123eafdce36861d8282b6dfa26578eabed5737e03e1,IL,PAS,60652,9102020,RED LIGHT VIOLATION,RDFX,Red Light,OTHR,90,180,0,90,Paid,2003-12-24 00:00:00,DETR,5046587610,"",RDFX,2003,11,8
7000004478,2003-11-03 09:17:00,5500 S WESTERN AVE S,ad2068bf071ffe5eafb44316fcdd60dded61f12bd6e506041d13793d7d9ba99a,IL,PAS,60632,9102020,RED LIGHT VIOLATION,RDFX,Red Light,OTHR,90,180,0,180,Paid,2008-11-21 00:00:00,SEIZ,5046827270,"",RDFX,2003,11,9
7000004198,2003-11-03 09:22:00,2400 W 55TH STREET E,2ad8c1199679063351d0e98538d55dcc01ec75d9c7deb15674b0627ed33b702c,IL,PAS,60629,9102020,RED LIGHT VIOLATION,RDFX,Red Light,OTHR,90,180,0,90,Paid,2003-12-10 00:00:00,DETR,5046587620,"",RDFX,2003,11,9
7000004199,2003-11-03 09:51:00,5500 S WESTERN AVE S,b071f0d01a641fc118d1bf514faaaf3433ae1889f0300bc4f9d0f454387af731,IL,TMP,60644,9102020,RED LIGHT VIOLATION,RDFX,Red Light,OTHR,90,180,0,90,Paid,2003-12-03 00:00:00,VIOL,5046657010,"",RDFX,2003,11,9
7000004202,2003-11-03 09:56:00,5500 S WESTERN AVE S,11639ccaa4ff64d1ff86ed40f9a946d39fd07aaf1c4b480cb208e68e6957535c,IL,PAS,60645,9102020,RED LIGHT VIOLATION,RDFX,Red Light,OTHR,90,180,0,90,Paid,2003-12-31 00:00:00,DETR,5045887650,"",RDFX,2003,11,9
7000004204,2003-11-03 11:13:00,5500 S WESTERN AVE S,5e3fe92d9e760a1acb8dc599500f6bc07422cf5c34cebbe3010437320791f31f,IL,PAS,60632,9102020,RED LIGHT VIOLATION,RDFX,Red Light,OTHR,90,180,0,90,Paid,2003-12-22 00:00:00,DETR,5024192780,"",RDFX,2003,11,11
7000004205,2003-11-03 11:20:00,5500 S WESTERN AVE S,9d7d188b91390128835c1e16d3d218f589cfea30031346f0f87899908fa05833,IL,PAS,60099,9102020,RED LIGHT VIOLATION,RDFX,Red Light,OTHR,90,180,0,90,Paid,2003-12-04 00:00:00,VIOL,5046150860,"",RDFX,2003,11,11
7000004206,2003-11-03 11:24:00,5500 S WESTERN AVE S,d59f95d77a2395258c2f5ebcda4a742e6dfb8cbec4942d6b30eca4151cc98bb7,IL,PAS,60626,9102020,RED LIGHT VIOLATION,RDFX,Red Light,OTHR,90,180,0,90,Paid,2003-12-10 00:00:00,DETR,5014360370,"",RDFX,2003,11,11
7000004207,2003-11-03 11:27:00,5500 S WESTERN AVE S,a4edecd79d19a180fe47dd0eeefb2ad695d315f87f93ca6b6cb71215dd494fc9,IL,PAS,60629,9102020,RED LIGHT VIOLATION,RDFX,Red Light,OTHR,90,180,0,90,Paid,2004-01-09 00:00:00,FINL,5013347930,"",RDFX,2003,11,11
7000004208,2003-11-03 11:53:00,2400 W 55TH STREET E,0eebbd54274a8e7891f4625a0084bd21117bee1b7f56f6139725e7a32fda76a9,IL,PAS,60621,9102020,RED LIGHT VIOLATION,RDFX,Red Light,OTHR,90,180,0,90,Paid,2003-12-04 00:00:00,VIOL,5046610760,"",RDFX,2003,11,11
7000004209,2003-11-03 12:01:00,5500 S WESTERN AVE S,b0bb9e32ddf17c31aac131a2c9818f59a55bc3147fc7734b2f00ff3345fc39dd,IL,PAS,60625,9102020,RED LIGHT VIOLATION,RDFX,Red Light,OTHR,90,180,219.6,0,Notice,2003-11-12 00:00:00,SEIZ,5043731010,"",RDFX,2003,11,24
7000004210,2003-11-03 12:14:00,5500 S WESTERN AVE S,50eee5b469d121de0be306bb22d86a55308aa2b45f220d1fb9168dcfc1132b73,IL,PAS,60636,9102020,RED LIGHT VIOLATION,RDFX,Red Light,OTHR,90,180,219.6,0,Notice,2003-11-12 00:00:00,SEIZ,5018833440,"",RDFX,2003,11,24
7000004211,2003-11-03 12:28:00,5500 S WESTERN AVE S,140709c8b3075085da29adffd18a4243be557a021b55272d0b69b2aecb96d9f8,IL,PAS,60459,9102020,RED LIGHT VIOLATION,RDFX,Red Light,OTHR,90,180,0,180,Paid,2006-01-11 00:00:00,SEIZ,5046610770,"",RDFX,2003,11,24
7000004212,2003-11-03 12:29:00,2400 W 55TH STREET E,109fff16e638a87a2f3e5269b16867a94803500d0fb256f8b480f32df08e984e,IL,PAS,60666,9102020,RED LIGHT VIOLATION,RDFX,Red Light,OTHR,90,180,0,170,Paid,2008-11-27 00:00:00,FINL,5046678180,"",RDFX,2003,11,24
7000004213,2003-11-03 12:42:00,5500 S WESTERN AVE S,5699f934817216907a93a20d47d419766cd8bce18263062562592d9680749755,IL,PAS,60612,9102020,RED LIGHT VIOLATION,RDFX,Red Light,OTHR,90,180,0,180,Paid,2005-01-03 00:00:00,FINL,5046610780,"",RDFX,2003,11,24
7000004404,2003-11-03 13:19:00,5500 S WESTERN AVE S,5aa863569edf3135873d57b6058a54144b57a7a0b0040a1445678a1ee24fd2a1,IL,TRK,60608,9102020,RED LIGHT VIOLATION,RDFX,Red Light,OTHR,90,180,0,90,Paid,2015-11-15 00:00:00,FINL,5046827080,"",RDFX,2003,11,13
7000004216,2003-11-03 13:49:00,2400 W 55TH STREET E,368982928c8175d67f0415db9a2b553e5abadd5870464bd3d0fb560d42165a0b,IL,PAS,60629,9102020,RED LIGHT VIOLATION,RDFX,Red Light,OTHR,90,180,219.6,0,Notice,2003-11-12 00:00:00,FINL,5046678190,"",RDFX,2003,11,13
7000004217,2003-11-03 13:57:00,5500 S WESTERN AVE S,c0d9d25a2166e541df059e9e2bdcb5acfe56e1f09eed47cbafb9526697e51846,IL,PAS,60609,9102020,RED LIGHT VIOLATION,RDFX,Red Light,OTHR,90,180,0,90,Paid,2003-12-04 00:00:00,VIOL,5046678200,"",RDFX,2003,11,13
7000004219,2003-11-03 14:23:00,2400 W 55TH STREET E,c0b552b4725f449d91e2c51f31dcc5446aa321b23c9a549c0c72fcdbe700d0e6,IL,PAS,60629,9102020,RED LIGHT VIOLATION,RDFX,Red Light,OTHR,90,180,0,90,Paid,2003-12-09 00:00:00,DETR,5045510770,"",RDFX,2003,11,14
7000004218,2003-11-03 14:23:00,5500 S WESTERN AVE S,bdb49f2f92c53118a3314056ddf9a120e2a239079f115e3ba29b0ad5533f7f5c,IL,PAS,60643,9102020,RED LIGHT VIOLATION,RDFX,Red Light,OTHR,90,180,0,180,Paid,2004-01-14 00:00:00,FINL,5046610790,"",RDFX,2003,11,14
7000004220,2003-11-03 14:27:00,5500 S WESTERN AVE S,ca023eebdaa8595e6a1d016189ce131d5d33b7812a295570c724badca9f7a444,IL,TMP,60478,9102020,RED LIGHT VIOLATION,RDFX,Red Light,OTHR,90,180,219.6,0,Notice,2003-11-12 00:00:00,SEIZ,5046660230,"",RDFX,2003,11,14
7000004221,2003-11-03 14:41:00,2400 W 55TH STREET E,da0264bcc2346a5e97644e63ab90889ffe892da94ef4dc585dcafb4b47b055dd,IL,PAS,60506,9102020,RED LIGHT VIOLATION,RDFX,Red Light,OTHR,90,180,0,90,Paid,2003-12-10 00:00:00,DETR,5046678210,"",RDFX,2003,11,14
7000004222,2003-11-03 14:43:00,5500 S WESTERN AVE S,19ef4b643052b7c194eb48d4a3701ca63da9007581093ff045a1cd81a691323e,IL,PAS,60623,9102020,RED LIGHT VIOLATION,RDFX,Red Light,OTHR,90,180,0,180,Paid,2004-01-29 00:00:00,FINL,5045376550,"",RDFX,2003,11,14
7000004223,2003-11-03 14:57:00,5500 S WESTERN AVE S,b79a6cd4fbdbac0fbcb6fc2fdefcf12e8033d4240a3d23befe399f93e4d4f01b,IL,PAS,60632,9102020,RED LIGHT VIOLATION,RDFX,Red Light,OTHR,90,180,0,180,Paid,2006-04-24 00:00:00,SEIZ,5021467870,"",RDFX,2003,11,14
7000004224,2003-11-03 15:43:00,2400 W 55TH STREET E,e9ef087f7de5b386097f30dfdab8375233104a1babee3fa7bf2c28e5fa4b8b51,IL,PAS,60636,9102020,RED LIGHT VIOLATION,RDFX,Red Light,OTHR,90,180,219.6,0,Notice,2003-11-12 00:00:00,FINL,5046678220,"",RDFX,2003,11,15
7000004225,2003-11-03 15:46:00,5500 S WESTERN AVE S,139fe92dcd456a3ba6cad88187b15a4d906d4826c8a5238763558a4241f61d66,IL,PAS,60652,9102020,RED LIGHT VIOLATION,RDFX,Red Light,OTHR,90,180,0,180,Paid,2004-07-02 00:00:00,SEIZ,5041810880,"",RDFX,2003,11,15
7000004226,2003-11-03 16:06:00,5500 S WESTERN AVE S,4502b5f865e98ce10ca83c07dff9f67ec86e91ffb9e2b500f3464f38c51798e2,IL,PAS,60625,9102020,RED LIGHT VIOLATION,RDFX,Red Light,OTHR,90,180,0,90,Paid,2003-12-11 00:00:00,DETR,5045612750,"",RDFX,2003,11,16
7000004227,2003-11-03 16:09:00,5500 S WESTERN AVE S,d2765105c8e0fb892be1d8f513c8ec3443e4dfcf46c5398d58b6d61eb2f2ba70,IL,PAS,60805,9102020,RED LIGHT VIOLATION,RDFX,Red Light,OTHR,90,180,219.6,0,Notice,2003-12-10 00:00:00,FINL,5046678230,"",RDFX,2003,11,16
7000004228,2003-11-03 16:17:00,2400 W 55TH STREET E,f51ade14d9438ee22bc69b58c495bfda188d47683e6795c024bb2c608957e3f0,IL,PAS,60632,9102020,RED LIGHT VIOLATION,RDFX,Red Light,OTHR,90,180,219.6,0,Notice,2003-11-12 00:00:00,FINL,5046678240,"",RDFX,2003,11,16
7000004229,2003-11-03 16:20:00,5500 S WESTERN AVE S,b2ed0b481702ede45e540c8a5f01fc502e4e902b100088c50c1b986a086df478,IL,PAS,60660,9102020,RED LIGHT VIOLATION,RDFX,Red Light,OTHR,90,180,219.6,0,Notice,2003-11-12 00:00:00,SEIZ,5044319290,"",RDFX,2003,11,16
7000004479,2003-11-03 16:26:00,5500 S WESTERN AVE S,fb264d38e1df7ebe33df8bf07594e2acca07018cda6155b7967b470958667601,IL,PAS,60619,9102020,RED LIGHT VIOLATION,RDFX,Red Light,OTHR,90,180,0,90,Paid,2004-01-07 00:00:00,DETR,5013385910,"",RDFX,2003,11,16
7000004231,2003-11-03 16:50:00,5500 S WESTERN AVE S,35bc79210517e23534843fe4447b472122f1b46f1cc3d0b16488bdb2ac0ecb6b,IL,PAS,60652,9102020,RED LIGHT VIOLATION,RDFX,Red Light,OTHR,90,180,0,90,Paid,2003-12-03 00:00:00,VIOL,5046610800,"",RDFX,2003,11,16
7000004232,2003-11-03 16:51:00,2400 W 55TH STREET E,0dd6a9a4c4e5f336902cc5801a10e55ee1c8b25756be45f22da0f913a7c64853,IL,PAS,60637,9102020,RED LIGHT VIOLATION,RDFX,Red Light,OTHR,90,180,0,180,Paid,2004-01-23 00:00:00,SEIZ,5018326650,"",RDFX,2003,11,16
7000004233,2003-11-03 16:53:00,5500 S WESTERN AVE S,5f94d61551dcb5d1a0de628210f64ccbcb813c919a89c8530be74c09bff0b3a5,IL,PAS,60629,9102020,RED LIGHT VIOLATION,RDFX,Red Light,OTHR,90,180,0,90,Paid,2003-12-06 00:00:00,VIOL,5046678250,"",RDFX,2003,11,16
7000004235,2003-11-03 17:00:00,5500 S WESTERN AVE S,08408eb7e970d9a87e43dc31031a14836eb99b803a8482adfc6f208e26e21bc2,IL,PAS,60620,9102020,RED LIGHT VIOLATION,RDFX,Red Light,OTHR,90,180,0,90,Paid,2003-11-26 00:00:00,VIOL,5046678260,"",RDFX,2003,11,17
7000004480,2003-11-03 17:06:00,5500 S WESTERN AVE S,e91db0df0cc19f53c24ed7343bdb07255078acf20d63b6a7648b3f6858ea685e,IL,PAS,60459,9102020,RED LIGHT VIOLATION,RDFX,Red Light,OTHR,90,180,0,90,Paid,2003-12-05 00:00:00,VIOL,5046731380,"",RDFX,2003,11,17
7000004236,2003-11-03 17:17:00,5500 S WESTERN AVE S,b0daca32ebc89fb6d6672b2ab4f6a829a181dfedc1893268bbcfd3abfcf494ff,IL,PAS,60641,9102020,RED LIGHT VIOLATION,RDFX,Red Light,OTHR,90,180,0,90,Paid,2003-12-01 00:00:00,VIOL,5046678270,"",RDFX,2003,11,17
7000004237,2003-11-03 17:31:00,5500 S WESTERN AVE S,2e76620ae2156052294fb562cc95330b5b97d010223bb6b0478551d1bd14c5bd,IL,PAS,60629,9102020,RED LIGHT VIOLATION,RDFX,Red Light,OTHR,90,180,0,90,Paid,2003-12-18 00:00:00,DETR,5043568590,"",RDFX,2003,11,17
7000004238,2003-11-03 17:40:00,5500 S WESTERN AVE S,25b115ca3f526e24531cd0c8a49fe538b683a1426776f2349c527e5a3c389299,IL,PAS,60643,9102020,RED LIGHT VIOLATION,RDFX,Red Light,OTHR,90,180,0,180,Paid,2005-06-04 00:00:00,FINL,5021205580,Liable,RDFX,2003,11,17
7000004239,2003-11-03 17:42:00,5500 S WESTERN AVE S,2f35e3ffaaa6c6bb1c64f459386df4aae3015fae5da0137665a8fd4dd5d01ac8,IL,PAS,60629,9102020,RED LIGHT VIOLATION,RDFX,Red Light,OTHR,90,180,0,90,Paid,2003-12-04 00:00:00,VIOL,5046678280,"",RDFX,2003,11,17
7000004481,2003-11-03 18:01:00,5500 S WESTERN AVE S,9e9d96e12b167629b14d4d0c33475492f05cb38abcc723db6b6f430dca688f9b,IL,PAS,60629,9102020,RED LIGHT VIOLATION,RDFX,Red Light,OTHR,90,180,180,0,Notice,2017-07-05 00:00:00,DLS,5013201610,"",RDFX,2003,11,18
7000004240,2003-11-03 18:24:00,5500 S WESTERN AVE S,0961173c66a7b69b01532a0a09e03f087ac277ad7b141c5052eb341a00ffe153,IL,TMP,60426,9102020,RED LIGHT VIOLATION,RDFX,Red Light,OTHR,90,180,219.6,0,Notice,2003-11-12 00:00:00,SEIZ,5046509080,"",RDFX,2003,11,18
7000004241,2003-11-03 18:29:00,5500 S WESTERN AVE S,774cc00e2e5d9e3b3b840e5e7f62179655ee41a6b590fa502bfd660e19440cc3,IL,PAS,60620,9102020,RED LIGHT VIOLATION,RDFX,Red Light,OTHR,90,180,0,90,Paid,2003-12-04 00:00:00,VIOL,5046610810,"",RDFX,2003,11,18
7000004242,2003-11-03 18:39:00,5500 S WESTERN AVE S,795ec41f9d898c541c53aa368014bd3efed435814b2efd4825520967be9f5fcd,IL,PAS,60652,9102020,RED LIGHT VIOLATION,RDFX,Red Light,OTHR,90,180,0,90,Paid,2003-12-05 00:00:00,VIOL,5046678290,"",RDFX,2003,11,18
7000004243,2003-11-03 18:43:00,5500 S WESTERN AVE S,d2426a8f649f59ffa079e5767d0acf8ddabb53db04900251cbbbdc659276ee39,IL,PAS,60652,9102020,RED LIGHT VIOLATION,RDFX,Red Light,OTHR,90,180,0,90,Paid,2003-11-26 00:00:00,VIOL,5046610820,"",RDFX,2003,11,18
7000004244,2003-11-03 18:49:00,5500 S WESTERN AVE S,0d509f9ecbe31f866d2f6a31e3642c7dcb55aabe4eabc795cdd020be2c9631ae,IL,PAS,60426,9102020,RED LIGHT VIOLATION,RDFX,Red Light,OTHR,90,180,0,0,Dismissed,2003-12-18 00:00:00,VIOL,5046158600,Not Liable,RDFX,2003,11,18
7000004245,2003-11-03 18:50:00,5500 S WESTERN AVE S,4ec05fa9da5914ed43904a7c5f4d90a5480a4b77f3f5d314380323cdc0e8bc6d,IL,PAS,606432167,9102020,RED LIGHT VIOLATION,RDFX,Red Light,OTHR,90,180,0,90,Paid,2004-01-29 00:00:00,DETR,5046992450,"",RDFX,2003,11,18
7000004246,2003-11-03 18:52:00,5500 S WESTERN AVE S,ee5bb1f275a257d94498f5d68c415a6afcb48c07d112932ece5b80c4f397d20f,IL,PAS,60649,9102020,RED LIGHT VIOLATION,RDFX,Red Light,OTHR,90,180,0,90,Paid,2004-01-12 00:00:00,DETR,5045064660,"",RDFX,2003,11,18
7000004247,2003-11-03 19:14:00,2400 W 55TH STREET E,830d92449a04a3bcba98d44fd14e1c3a240297c203fea51ba1799095b25c1a5c,IL,PAS,60637,9102020,RED LIGHT VIOLATION,RDFX,Red Light,OTHR,90,180,0,180,Paid,2006-02-22 00:00:00,FINL,5046610830,"",RDFX,2003,11,19
7000004249,2003-11-03 21:17:00,2400 W 55TH STREET E,63c372399eaa4e1b643c614e3084187bd3a0aebdc03b4c78be02a166a8b0aaa1,IL,PAS,60610,9102020,RED LIGHT VIOLATION,RDFX,Red Light,OTHR,90,180,219.6,0,Notice,2003-11-12 00:00:00,FINL,5046610840,"",RDFX,2003,11,21
7000004250,2003-11-03 21:50:00,2400 W 55TH STREET E,e62e3542ef1fd4bddb5aeab079c84d946954020ab647594ec39fd4a2d531c893,IL,PAS,60608,9102020,RED LIGHT VIOLATION,RDFX,Red Light,OTHR,90,180,0,90,Paid,2003-12-08 00:00:00,DETR,5046678310,"",RDFX,2003,11,21
7000004251,2003-11-03 23:32:00,5500 S WESTERN AVE S,6e3685df8220be8487eaa7201bc1c42c3a8879765f0387583cb1d0eb760a6d6d,IL,TMP,60632,9102020,RED LIGHT VIOLATION,RDFX,Red Light,OTHR,90,180,0,219.6,Paid,2017-04-21 00:00:00,DLS,5051602450,"",RDFX,2003,11,23
7000004254,2003-11-04 06:17:00,2400 W 55TH STREET E,72af6b70f9b811ca597772475b7f10fc7bde201ed6791095f15d878149c2f91a,IL,PAS,60617,9102020,RED LIGHT VIOLATION,RDFX,Red Light,OTHR,90,180,0,90,Paid,2003-12-10 00:00:00,DETR,5046215930,"",RDFX,2003,11,6
7000004255,2003-11-04 06:23:00,5500 S WESTERN AVE S,45bc21bc75f18500a3a715b4dca864a252757bc1cc35dd56abd43b6fc361aac7,IL,PAS,60609,9102020,RED LIGHT VIOLATION,RDFX,Red Light,OTHR,90,180,0,90,Paid,2003-11-25 00:00:00,VIOL,5046693750,"",RDFX,2003,11,6
7000004258,2003-11-04 07:12:00,2400 W 55TH STREET E,42bbc1205f978da0b522bb81b5e6c6202c19be545ebdf8123d6e7e081558cfa7,IL,PAS,60459,9102020,RED LIGHT VIOLATION,RDFX,Red Light,OTHR,90,180,0,90,Paid,2003-11-28 00:00:00,VIOL,5046626720,"",RDFX,2003,11,7
7000004257,2003-11-04 07:27:00,5500 S WESTERN AVE S,579b7200e847ba6df02dceb4102b264b6b091f51aa769f33e5e36df6288370e0,IL,PAS,60659,9102020,RED LIGHT VIOLATION,RDFX,Red Light,OTHR,90,180,0,90,Paid,2003-11-26 00:00:00,VIOL,5046626710,"",RDFX,2003,11,7
7000004260,2003-11-04 07:35:00,2400 W 55TH STREET E,d1b55e9d704aa95cd146dae05c07305efd21b96fb4ed07f27216a9e0fb1e019b,IL,PAS,60638,9102020,RED LIGHT VIOLATION,RDFX,Red Light,OTHR,90,180,0,180,Paid,2004-01-27 00:00:00,FINL,5046626730,"",RDFX,2003,11,7
7000004261,2003-11-04 07:40:00,2400 W 55TH STREET E,493b8c5b79bc90d063b5fab43d36d0f9dfb643fe05eaee10418aac9b830c3aa0,IL,PAS,60629,9102020,RED LIGHT VIOLATION,RDFX,Red Light,OTHR,90,180,0,180,Paid,2004-09-23 00:00:00,FINL,5046693760,"",RDFX,2003,11,7
7000004405,2003-11-04 07:54:00,2400 W 55TH STREET E,b6209dadd903797a983fa8e368125d92ca45e488363b9c85af50549b4e894e32,IL,PAS,60131,9102020,RED LIGHT VIOLATION,RDFX,Red Light,OTHR,90,180,0,90,Paid,2003-12-29 00:00:00,DETR,5046693920,"",RDFX,2003,11,7
7000004262,2003-11-04 07:57:00,5500 S WESTERN AVE S,0e112bdded0a9852b2c44d28408ac9b76f8fde0bbf15e5d1841a454b18e53177,IL,PAS,60645,9102020,RED LIGHT VIOLATION,RDFX,Red Light,OTHR,90,180,219.6,0,Notice,2003-11-12 00:00:00,SEIZ,5013654050,"",RDFX,2003,11,7
7000004263,2003-11-04 08:00:00,2400 W 55TH STREET E,6f200340c80f4a55ff3468d086db70bbcb831e327e1b1d55d813a3c84cffe913,IL,PAS,60621,9102020,RED LIGHT VIOLATION,RDFX,Red Light,OTHR,90,180,0,190,Paid,2004-04-16 00:00:00,FINL,5046693780,"",RDFX,2003,11,8
7000004266,2003-11-04 08:08:00,5500 S WESTERN AVE S,b83d23f0589f913451406f7cb05c9ad0d4f6fcc62cd818b287b1e049de7b7e4c,IL,PAS,60629,9102020,RED LIGHT VIOLATION,RDFX,Red Light,OTHR,90,180,219.6,0,Notice,2003-11-12 00:00:00,FINL,5046693800,"",RDFX,2003,11,8
7000004267,2003-11-04 08:14:00,5500 S WESTERN AVE S,1590c5ee9a9e7f9bff102785e8f396f6076c03c9b3c7e52a1c0f30c8e58fc7ba,IL,PAS,60638,9102020,RED LIGHT VIOLATION,RDFX,Red Light,OTHR,90,180,0,90,Paid,2003-12-31 00:00:00,DETR,5046626740,"",RDFX,2003,11,8
7000004269,2003-11-04 08:42:00,2400 W 55TH STREET E,f7462fcd6d709881b1e303262fd9524e3544cdb2be37096f92f3443a55b7fd7c,IL,PAS,60629,9102020,RED LIGHT VIOLATION,RDFX,Red Light,OTHR,90,180,0,180,Paid,2005-02-01 00:00:00,FINL,5012880470,"",RDFX,2003,11,8
7000004270,2003-11-04 08:58:00,5500 S WESTERN AVE S,f73d2742c77caa76fa194f2cdb4961165d7f0dc77d4da84a3c26902f183ed8d0,IL,PAS,60629,9102020,RED LIGHT VIOLATION,RDFX,Red Light,OTHR,90,180,0,90,Paid,2004-06-10 00:00:00,DETR,5046241500,Liable,RDFX,2003,11,8脯脯脯